Date,AO,AAO,NAO,PNA
1979-01-01,-2.2328,0.2088,-1.38,-0.69
1979-02-01,-0.6967,0.3563,-0.67,-1.82
1979-03-01,-0.8141,0.8992,0.78,0.38
1979-04-01,-1.1568,0.6776,-1.71,0.09
1979-05-01,-0.2501,0.7237,-1.03,1.35
1979-06-01,0.9332,1.7,1.6,-1.64
1979-07-01,0.0385,2.4121,0.83,0.99
1979-08-01,-0.6841,0.5455,0.96,0.7
1979-09-01,-0.0459,0.6295,1.01,1.28
1979-10-01,-1.2434,0.1598,-0.3,1.53
1979-11-01,0.4751,-0.4225,0.53,0.54
1979-12-01,1.2948,-0.9507,1.0,-0.38
1980-01-01,-2.0657,-0.447,-0.75,-0.28
1980-02-01,-0.9337,-0.9797,0.05,1.74
1980-03-01,-1.4333,-1.4244,-0.31,-0.35
1980-04-01,-0.4191,-2.0682,1.29,1.96
1980-05-01,-1.1548,-0.4787,-1.5,-0.28
1980-06-01,0.7215,0.2857,-0.37,-0.86
1980-07-01,-0.6222,-1.9439,-0.42,-0.42
1980-08-01,-0.1852,-0.9968,-2.24,-1.99
1980-09-01,0.3126,-1.7008,0.66,-0.05
1980-10-01,-0.5212,0.5774,-1.77,2.45
1980-11-01,-1.361,-2.0129,-0.37,1.35
1980-12-01,-0.0573,-0.3563,0.78,-0.27
1981-01-01,-0.1163,0.2305,0.37,2.42
1981-02-01,-0.3316,0.0393,0.92,0.38
1981-03-01,-1.6447,-0.9655,-1.19,1.6
1981-04-01,0.4304,-1.462,0.36,-1.02
1981-05-01,0.1796,-0.344,0.2,1.98
1981-06-01,-0.4379,0.3517,-0.45,-0.2
1981-07-01,0.5605,-0.9859,0.05,-0.64
1981-08-01,-0.2441,-2.1183,0.39,-1.5
1981-09-01,-1.0401,-1.5094,-1.45,0.15
1981-10-01,-1.1675,-0.2603,-1.35,-1.45
1981-11-01,-0.1877,0.6256,-0.38,1.26
1981-12-01,-1.2157,1.1164,-0.02,-0.12
1982-01-01,-0.8834,-0.5544,-0.89,-0.86
1982-02-01,0.9739,0.2772,1.15,-0.68
1982-03-01,1.0741,1.6035,1.15,-1.4
1982-04-01,1.4538,1.5314,0.1,-1.89
1982-05-01,-0.2087,0.1179,-0.53,-0.7
1982-06-01,-1.1801,0.9201,-1.63,1.93
1982-07-01,0.0048,-0.4147,1.15,0.97
1982-08-01,0.3622,0.7793,0.26,0.34
1982-09-01,0.5577,1.58,1.76,1.05
1982-10-01,-0.211,-0.7023,-0.74,-0.93
1982-11-01,0.6609,-0.8492,1.6,-0.48
1982-12-01,0.9672,-1.9337,1.78,0.75
1983-01-01,1.3591,-1.3404,1.59,1.18
1983-02-01,-1.8059,-1.0807,-0.53,1.3
1983-03-01,-0.5671,0.1663,0.95,2.38
1983-04-01,-0.7378,0.1494,-0.85,1.26
1983-05-01,-0.4409,-0.4372,-0.07,-0.19
1983-06-01,0.3125,-0.2628,0.99,1.87
1983-07-01,0.1305,1.1141,1.19,1.33
1983-08-01,1.0978,0.792,1.61,0.53
1983-09-01,0.1669,-0.696,-1.12,-1.59
1983-10-01,1.3689,1.1935,0.65,0.09
1983-11-01,-0.6879,0.7274,-0.98,1.84
1983-12-01,0.1862,0.4755,0.29,-0.31
1984-01-01,0.905,-1.0975,1.66,0.97
1984-02-01,-0.3027,-0.5437,0.72,0.77
1984-03-01,-2.386,0.2509,-0.37,1.41
1984-04-01,-0.2836,-0.2042,-0.28,1.7
1984-05-01,0.4792,-1.2374,0.54,0.32
1984-06-01,0.0073,0.4261,-0.42,-0.44
1984-07-01,0.0189,0.8896,-0.07,-2.34
1984-08-01,0.4657,-0.5484,1.15,-1.11
1984-09-01,-0.4128,0.327,0.17,0.03
1984-10-01,-0.2703,-0.0094,-0.07,-0.63
1984-11-01,-0.9659,-0.0241,-0.06,0.42
1984-12-01,0.446,-1.4756,0.0,-1.6
1985-01-01,-2.8057,-0.7948,-1.61,1.63
1985-02-01,-1.4398,0.2155,-0.49,-0.52
1985-03-01,0.5514,-0.1336,0.2,-0.92
1985-04-01,0.6524,0.0315,0.32,-1.06
1985-05-01,-0.4322,-0.0661,-0.49,-1.03
1985-06-01,-0.3466,-0.3307,-0.8,1.1
1985-07-01,-0.3896,1.9137,1.22,0.25
1985-08-01,-0.0014,0.5948,-0.48,-0.5
1985-09-01,0.1144,1.5073,-0.52,-0.71
1985-10-01,1.0351,0.4708,0.9,-1.51
1985-11-01,-1.2175,1.0847,-0.67,-1.9
1985-12-01,-1.9476,1.2403,0.22,1.39
1986-01-01,-0.5676,0.1578,1.11,0.97
1986-02-01,-2.9041,-1.588,-1.0,0.53
1986-03-01,1.9308,-0.7696,1.71,0.83
1986-04-01,0.103,-0.0867,-0.59,0.09
1986-05-01,0.3669,-1.8466,0.85,-0.13
1986-06-01,0.5346,-0.6194,1.22,0.26
1986-07-01,-0.0083,0.0892,0.12,0.07
1986-08-01,-0.8263,-0.157,-1.09,-1.45
1986-09-01,-0.0234,0.8487,-1.12,-0.29
1986-10-01,1.4246,0.3057,1.55,0.92
1986-11-01,0.9257,-0.2225,2.29,-0.73
1986-12-01,0.0598,0.8863,0.99,1.37
1987-01-01,-1.1476,-0.9504,-1.15,1.0
1987-02-01,-1.4732,-0.7077,-0.73,0.65
1987-03-01,-1.7465,-0.1327,0.14,1.17
1987-04-01,0.387,-0.2856,2.0,1.83
1987-05-01,0.3252,0.0386,0.98,-1.26
1987-06-01,-0.7103,-0.7019,-1.82,0.42
1987-07-01,-0.4663,-1.5313,0.52,-0.01
1987-08-01,-0.8357,1.4852,-0.83,0.77
1987-09-01,0.2865,-0.7989,-1.22,-3.07
1987-10-01,-0.08,0.4555,0.14,0.53
1987-11-01,-0.5358,1.0604,0.18,1.26
1987-12-01,-0.5339,0.2723,0.32,0.8
1988-01-01,0.2647,-0.6117,1.02,0.53
1988-02-01,-1.0662,0.5508,0.76,1.25
1988-03-01,-0.1971,-0.219,-0.17,0.69
1988-04-01,-0.5607,-0.0768,-1.17,1.4
1988-05-01,-0.8461,-0.7486,0.63,0.6
1988-06-01,0.0605,-1.0549,0.88,1.13
1988-07-01,-0.1434,0.576,-0.35,2.16
1988-08-01,0.2546,-0.7449,0.04,-0.59
1988-09-01,1.0393,-0.6885,-0.99,-1.11
1988-10-01,0.0324,-2.314,-1.08,0.66
1988-11-01,-0.0347,0.401,-0.34,0.13
1988-12-01,1.6788,1.0745,0.61,0.63
1989-01-01,3.106,0.6184,1.17,-0.72
1989-02-01,3.2793,0.8489,2.0,-1.06
1989-03-01,1.5303,0.6321,1.85,-1.3
1989-04-01,-0.2502,-0.5731,0.28,-0.54
1989-05-01,0.8888,2.6906,1.38,-0.14
1989-06-01,0.345,1.9948,-0.27,-0.63
1989-07-01,0.8656,1.4576,0.97,-0.18
1989-08-01,0.5509,-0.1319,0.01,-0.24
1989-09-01,0.7031,-0.1212,2.05,0.54
1989-10-01,0.9907,0.1358,-0.03,-1.13
1989-11-01,0.0338,0.572,0.16,-0.72
1989-12-01,-0.6437,-0.445,-1.15,0.87
1990-01-01,1.0007,-0.3521,1.04,-0.34
1990-02-01,3.4016,1.1507,1.41,-1.86
1990-03-01,2.99,0.4142,1.46,0.34
1990-04-01,1.8788,-1.8786,2.0,-0.39
1990-05-01,0.9428,-1.8034,-1.53,0.21
1990-06-01,0.3043,0.0931,-0.02,-1.41
1990-07-01,-0.2958,-1.2151,0.53,0.17
1990-08-01,-0.1802,0.4657,0.97,1.79
1990-09-01,-0.2104,1.4816,1.06,-0.5
1990-10-01,0.6603,0.139,0.23,-0.97
1990-11-01,0.5206,-0.359,-0.24,-1.73
1990-12-01,1.2767,-0.3117,0.22,-1.32
1991-01-01,0.7232,0.8689,0.86,0.66
1991-02-01,-0.876,-0.8517,1.04,1.07
1991-03-01,-0.5268,0.5223,-0.2,-0.94
1991-04-01,0.5302,-0.6394,0.29,0.64
1991-05-01,0.4865,-0.5386,0.08,-0.81
1991-06-01,-0.1154,-1.1546,-0.82,-0.97
1991-07-01,-0.188,-1.2202,-0.49,0.75
1991-08-01,0.7969,0.0355,1.23,-0.25
1991-09-01,-0.1122,-0.513,0.48,1.43
1991-10-01,-0.2519,-0.6232,-0.19,-2.28
1991-11-01,0.2847,-0.8042,0.48,0.24
1991-12-01,1.6132,-2.0675,0.46,0.47
1992-01-01,0.55,0.0726,-0.13,1.28
1992-02-01,1.1217,-1.6268,1.07,0.29
1992-03-01,0.9842,-1.0103,0.87,0.77
1992-04-01,-0.5205,-0.4393,1.86,-0.05
1992-05-01,1.3414,-2.032,2.63,1.27
1992-06-01,-0.302,-2.1933,0.2,1.17
1992-07-01,0.1911,-0.5662,0.16,0.85
1992-08-01,0.5353,-0.3495,0.85,-0.34
1992-09-01,-0.6403,0.435,-0.44,-1.31
1992-10-01,-0.3659,-0.3194,-1.76,0.21
1992-11-01,0.717,0.1218,1.19,0.85
1992-12-01,1.6267,0.2436,0.47,-1.23
1993-01-01,3.4953,-2.0206,1.6,-0.65
1993-02-01,0.1845,0.437,0.5,0.55
1993-03-01,0.7643,-0.3776,0.67,1.27
1993-04-01,-0.4354,0.0872,0.97,1.54
1993-05-01,-1.6075,1.2599,-0.78,2.66
1993-06-01,-0.5195,1.2179,-0.59,0.52
1993-07-01,-0.5107,1.9571,-3.18,0.15
1993-08-01,-0.393,1.0829,0.12,-0.14
1993-09-01,-0.3606,1.061,-0.57,-1.12
1993-10-01,-0.565,0.7481,-0.71,-0.3
1993-11-01,1.0018,0.3237,2.56,-0.36
1993-12-01,-0.1041,1.0281,1.56,0.72
1994-01-01,-0.2879,0.7227,1.04,-0.12
1994-02-01,-0.8615,1.157,0.46,-0.73
1994-03-01,1.881,0.6933,1.26,0.54
1994-04-01,0.2247,-0.0525,1.14,-0.47
1994-05-01,-0.1154,-0.1527,-0.57,0.45
1994-06-01,1.6063,-1.6819,1.52,-1.38
1994-07-01,0.3507,-0.4922,1.31,0.38
1994-08-01,0.8275,1.9099,0.38,-1.34
1994-09-01,-0.0841,-0.947,-1.32,-2.38
1994-10-01,0.174,-0.5778,-0.97,-0.23
1994-11-01,1.7794,-0.7926,0.64,-1.67
1994-12-01,0.8938,0.9327,2.02,0.69
1995-01-01,-0.1538,1.4485,0.93,0.66
1995-02-01,1.4289,0.5329,1.14,0.73
1995-03-01,0.3932,-0.1544,1.25,0.33
1995-04-01,-0.9631,0.6488,-0.85,0.29
1995-05-01,-0.8912,1.3967,-1.49,0.01
1995-06-01,-0.1118,-0.802,0.13,0.74
1995-07-01,-0.2171,-3.0097,-0.22,-0.34
1995-08-01,0.5436,-0.6965,0.69,-0.3
1995-09-01,-0.549,1.1733,0.31,1.52
1995-10-01,0.075,-0.057,0.19,-0.05
1995-11-01,-0.7233,0.1429,-1.38,-0.75
1995-12-01,-2.1271,1.4697,-1.67,0.92
1996-01-01,-1.2004,0.3321,-0.12,-0.02
1996-02-01,0.1632,-0.525,-0.07,-0.3
1996-03-01,-1.4832,0.5435,-0.24,-0.47
1996-04-01,-1.5251,0.115,-0.17,0.77
1996-05-01,-0.2264,0.9832,-1.06,0.32
1996-06-01,0.4967,-0.252,0.56,-1.21
1996-07-01,0.7146,0.0209,0.67,0.64
1996-08-01,0.1247,-1.5019,1.02,-0.9
1996-09-01,-1.14,-1.3144,-0.86,-0.28
1996-10-01,0.1825,0.9657,-0.33,-0.76
1996-11-01,0.1364,-1.6669,-0.56,-0.45
1996-12-01,-1.7208,-0.0231,-1.41,-1.23
1997-01-01,-0.4568,0.3689,-0.49,0.63
1997-02-01,1.8887,-0.2442,1.7,0.56
1997-03-01,1.0908,0.701,1.46,-1.3
1997-04-01,0.3236,-0.4576,-1.02,0.55
1997-05-01,-0.9611,1.0281,-0.28,0.78
1997-06-01,-0.815,-0.4576,-1.47,-0.34
1997-07-01,-0.4306,0.7797,0.34,0.56
1997-08-01,0.1206,0.7684,0.83,-0.52
1997-09-01,0.1945,0.1222,0.61,0.31
1997-10-01,-0.6997,-0.5947,-1.7,-0.26
1997-11-01,-0.6611,-1.9046,-0.9,0.91
1997-12-01,-0.0711,-0.8355,-0.96,1.16
1998-01-01,-2.0806,0.4125,0.39,0.74
1998-02-01,-0.1832,0.3896,-0.11,0.89
1998-03-01,-0.2544,0.7359,0.87,1.01
1998-04-01,-0.0379,1.9273,-0.68,1.12
1998-05-01,0.4286,-0.0381,-1.32,-2.22
1998-06-01,-0.7107,1.031,-2.72,-0.02
1998-07-01,-0.2117,1.45,-0.48,2.24
1998-08-01,0.6503,0.9041,-0.02,-0.57
1998-09-01,-1.0499,-0.1224,-2.0,0.55
1998-10-01,0.2943,0.3995,-0.29,0.55
1998-11-01,-1.4494,0.8172,-0.28,0.74
1998-12-01,1.3534,1.4352,0.87,-0.09
1999-01-01,0.1103,0.9991,0.77,0.16
1999-02-01,0.4821,0.4559,0.29,-0.12
1999-03-01,-1.4916,0.1804,0.23,0.69
1999-04-01,0.2844,0.9494,-0.95,0.3
1999-05-01,0.2259,1.639,0.92,-0.15
1999-06-01,0.707,-1.3249,1.12,0.3
1999-07-01,-0.002,0.3156,-0.9,-0.54
1999-08-01,-0.6721,0.0419,0.39,1.97
1999-09-01,0.0591,-0.0121,0.36,0.44
1999-10-01,-0.0058,1.6535,0.2,0.41
1999-11-01,0.6109,0.9006,0.65,0.48
1999-12-01,1.0431,1.7838,1.61,0.21
2000-01-01,1.2702,1.2734,0.6,-0.82
2000-02-01,1.0758,0.6197,1.7,1.12
2000-03-01,-0.4514,0.1331,0.77,1.28
2000-04-01,-0.2785,0.2327,-0.03,-0.35
2000-05-01,0.9691,1.1271,1.58,-0.28
2000-06-01,0.5861,0.1172,-0.03,-1.22
2000-07-01,-0.6494,0.0586,-1.03,-2.28
2000-08-01,0.1439,-0.6735,-0.29,-0.48
2000-09-01,0.3949,-1.8529,-0.21,-1.4
2000-10-01,0.3168,0.347,0.92,0.25
2000-11-01,-1.5815,-1.5371,-0.92,0.74
2000-12-01,-2.3544,-1.2903,-0.58,1.23
2001-01-01,-0.9588,-0.4709,0.25,1.51
2001-02-01,-0.6224,-0.2649,0.45,-0.16
2001-03-01,-1.6865,-0.5548,-1.26,0.7
2001-04-01,0.906,0.515,0.0,-0.47
2001-05-01,0.452,-0.2622,-0.02,-0.11
2001-06-01,-0.0153,0.3861,-0.2,-0.94
2001-07-01,-0.031,-0.9283,-0.25,0.06
2001-08-01,0.5205,0.9103,-0.07,-0.11
2001-09-01,-0.7066,1.1614,-0.65,0.1
2001-10-01,0.7075,1.2771,-0.24,-0.22
2001-11-01,0.8186,0.9958,0.63,1.09
2001-12-01,-1.3224,1.4736,-0.83,0.56
2002-01-01,1.3813,0.7469,0.44,-0.04
2002-02-01,1.3035,1.3341,1.1,0.14
2002-03-01,0.902,-1.8235,0.69,-1.3
2002-04-01,0.7484,0.165,1.18,-2.22
2002-05-01,0.4014,-2.7985,-0.22,-0.73
2002-06-01,0.5727,-1.112,0.38,-0.05
2002-07-01,0.3276,-0.5909,0.62,0.88
2002-08-01,-0.2285,-0.0994,0.38,0.64
2002-09-01,-0.0427,-0.8645,-0.7,0.77
2002-10-01,-1.4885,-2.564,-2.28,-0.65
2002-11-01,-1.4251,-0.9235,-0.18,1.54
2002-12-01,-1.5921,1.3085,-0.94,1.59
2003-01-01,-0.4717,-0.9879,0.16,1.29
2003-02-01,0.1278,-0.3569,0.62,0.73
2003-03-01,0.933,-0.1877,0.32,-0.07
2003-04-01,-0.1781,0.2243,-0.18,0.14
2003-05-01,1.0167,0.3845,0.01,-2.2
2003-06-01,-0.1021,-0.7745,-0.07,-0.6
2003-07-01,0.0753,0.727,0.13,1.23
2003-08-01,-0.2804,0.678,-0.07,-0.28
2003-09-01,0.4666,-0.3231,0.01,0.76
2003-10-01,-0.6698,-0.0249,-1.26,0.97
2003-11-01,0.6424,-0.7117,0.86,-1.72
2003-12-01,0.2652,-1.3229,0.64,0.86
2004-01-01,-1.6858,0.8071,-0.29,0.41
2004-02-01,-1.5285,-1.1819,-0.14,1.06
2004-03-01,0.3181,0.4317,1.02,0.3
2004-04-01,-0.4094,0.151,1.15,0.51
2004-05-01,-0.0943,0.4596,0.19,-1.76
2004-06-01,-0.2359,1.1954,-0.89,-0.37
2004-07-01,-0.2005,1.4743,1.13,0.09
2004-08-01,-0.7202,-0.0712,-0.48,1.55
2004-09-01,0.855,0.2536,0.38,-0.08
2004-10-01,-0.5154,-0.0425,-1.1,-1.39
2004-11-01,0.6783,-0.2422,0.73,0.31
2004-12-01,1.2301,-0.9729,1.21,0.26
2005-01-01,0.3562,-0.1287,1.52,0.02
2005-02-01,-1.2706,1.2435,-0.06,0.14
2005-03-01,-1.3479,0.1583,-1.83,0.88
2005-04-01,-0.0462,0.3554,-0.3,1.28
2005-05-01,-0.7634,-0.2973,-1.25,1.74
2005-06-01,-0.3832,-1.4277,-0.05,0.29
2005-07-01,-0.0302,-0.252,-0.51,0.43
2005-08-01,0.0261,0.2282,0.37,0.72
2005-09-01,0.8024,0.2407,0.63,1.63
2005-10-01,0.0298,0.031,-0.98,0.9
2005-11-01,0.2277,-0.5515,-0.31,-0.76
2005-12-01,-2.1039,-1.9678,-0.44,1.38
2006-01-01,-0.1705,0.3389,1.2651,0.4337
2006-02-01,-0.1558,-0.2113,-0.5106,-0.1119
2006-03-01,-1.6038,0.5006,-1.2779,-0.2744
2006-04-01,0.1383,-0.1693,1.2353,0.4461
2006-05-01,0.1558,1.6954,-1.1444,-1.2712
2006-06-01,1.0708,0.438,0.8412,-1.0634
2006-07-01,0.1027,0.9255,0.9024,1.834
2006-08-01,-0.2652,-1.7271,-1.7264,-1.4073
2006-09-01,0.6065,-0.3241,-1.6219,0.424
2006-10-01,-1.0291,0.8792,-2.2439,-0.838
2006-11-01,0.5213,0.1013,0.4368,-1.3886
2006-12-01,2.2817,0.6384,1.3366,1.8647
2007-01-01,2.0338,-0.0828,0.2227,0.7169
2007-02-01,-1.3069,0.0749,-0.47,-0.0874
2007-03-01,1.1821,-0.5701,1.4425,0.1808
2007-04-01,0.5443,-1.0352,0.1694,1.245
2007-05-01,0.8937,-0.6119,0.6638,-0.0571
2007-06-01,-0.555,-1.198,-1.3064,-0.3786
2007-07-01,-0.3965,-2.6307,-0.5794,2.2087
2007-08-01,-0.0337,-0.1079,-0.139,1.9775
2007-09-01,0.1789,0.0305,0.7213,1.8826
2007-10-01,0.3835,-0.4337,0.4465,0.5504
2007-11-01,-0.5187,-0.9838,0.5756,0.6926
2007-12-01,0.8211,1.9293,0.3436,0.1395
2008-01-01,0.819,1.2085,0.8901,-0.3179
2008-02-01,0.9381,1.1474,0.7346,0.5006
2008-03-01,0.5856,0.5875,0.0761,-0.3225
2008-04-01,-0.455,-0.8734,-1.0655,-0.9707
2008-05-01,-1.2047,-0.4898,-1.728,1.3274
2008-06-01,-0.0898,1.3484,-1.3895,-1.7529
2008-07-01,-0.4799,0.3202,-1.2741,-0.0988
2008-08-01,-0.0805,0.087,-1.1602,0.9209
2008-09-01,-0.3266,1.3856,1.0169,1.1173
2008-10-01,1.6758,1.2149,-0.0434,0.8563
2008-11-01,0.0922,0.9197,-0.3199,1.1104
2008-12-01,0.6478,1.1938,-0.2765,-1.4097
2009-01-01,0.7997,0.9626,-0.0075,0.606
2009-02-01,-0.6723,0.4558,0.0565,-0.9476
2009-03-01,0.1213,0.6046,0.5723,-1.0245
2009-04-01,0.9725,0.0292,-0.2044,0.2112
2009-05-01,1.1937,-0.7328,1.6827,-0.5809
2009-06-01,-1.3507,-0.47,-1.2074,0.3505
2009-07-01,-1.3559,-1.2342,-2.1529,1.2175
2009-08-01,-0.0537,-0.6856,-0.1938,0.6496
2009-09-01,0.8745,-0.0165,1.5089,1.2891
2009-10-01,-1.5399,0.0848,-1.0322,0.431
2009-11-01,0.4589,-1.9151,-0.0248,0.2057
2009-12-01,-3.4128,0.6068,-1.9257,0.3386
2010-01-01,-2.5868,-0.7569,-1.1086,1.2536
2010-02-01,-4.2657,-0.7752,-1.9845,0.5788
2010-03-01,-0.4321,0.1083,-0.8831,2.0197
2010-04-01,-0.2745,0.3774,-0.7199,1.5365
2010-05-01,-0.9186,1.021,-1.487,-0.9322
2010-06-01,-0.013,2.0707,-0.816,-0.2042
2010-07-01,0.4353,2.4237,-0.425,1.3955
2010-08-01,-0.1166,1.5101,-1.2227,1.1019
2010-09-01,-0.8646,0.4018,-0.7948,1.3359
2010-10-01,-0.467,1.3349,-0.9283,1.7967
2010-11-01,-0.3757,1.5163,-1.6158,-0.845
2010-12-01,-2.631,0.2054,-1.8472,-1.7774
2011-01-01,-1.6831,0.0524,-0.8768,1.2855
2011-02-01,1.5754,1.0738,0.7012,-1.5807
2011-03-01,1.4241,-0.2962,0.6129,0.6887
2011-04-01,2.2748,-0.87,2.4775,-1.5859
2011-05-01,-0.0351,1.2657,-0.0623,0.1896
2011-06-01,-0.8578,-0.099,-1.2795,0.2236
2011-07-01,-0.4716,-1.3842,-1.5122,-0.355
2011-08-01,-1.0626,-1.202,-1.3475,1.4217
2011-09-01,0.6647,-1.25,0.536,-0.4196
2011-10-01,0.7998,0.3882,0.3935,0.6273
2011-11-01,1.4592,-0.9075,1.3602,-0.7886
2011-12-01,2.2208,2.5735,2.5213,0.3635
2012-01-01,-0.2197,1.5833,1.1739,0.6035
2012-02-01,-0.0363,-0.2831,0.4201,0.7501
2012-03-01,1.0371,0.2748,1.2655,0.1075
2012-04-01,-0.0346,0.6656,0.471,0.1542
2012-05-01,0.1684,0.1528,-0.9068,-0.4228
2012-06-01,-0.6724,-0.1971,-2.5309,-0.5009
2012-07-01,0.1678,1.2593,-1.3215,-0.1625
2012-08-01,0.014,0.4888,-0.9832,-0.1709
2012-09-01,0.7722,0.5624,-0.5861,-0.4217
2012-10-01,-1.514,-0.4442,-2.062,-1.1764
2012-11-01,-0.1106,-1.7009,-0.5782,-1.095
2012-12-01,-1.7486,-0.7635,0.1706,-1.0097
2013-01-01,-0.6095,0.071,0.3453,0.5458
2013-02-01,-1.0074,0.7156,-0.4531,0.4483
2013-03-01,-3.1854,1.3748,-1.6119,0.038
2013-04-01,0.3222,0.6106,0.687,-1.5574
2013-05-01,0.494,0.3596,0.5691,-0.3636
2013-06-01,0.5487,-0.2711,0.5208,-0.4348
2013-07-01,-0.0111,0.9453,0.6722,-0.3068
2013-08-01,0.1542,-1.5609,0.9702,-0.0293
2013-09-01,-0.4609,-1.6583,0.2406,0.5445
2013-10-01,0.2628,-0.4576,-1.2801,-0.3405
2013-11-01,2.029,0.1888,0.9008,-1.1833
2013-12-01,1.4749,0.0613,0.9457,-0.8582
2014-01-01,-0.9688,-0.6826,0.2903,0.9683
2014-02-01,0.0438,0.3222,1.3352,-0.9513
2014-03-01,1.2058,0.467,0.7983,-0.2085
2014-04-01,0.972,0.6137,0.3052,0.2465
2014-05-01,0.4642,-0.4452,-0.9225,-0.7633
2014-06-01,-0.5074,0.8412,-0.9701,-1.4583
2014-07-01,-0.4889,0.247,0.1754,0.9871
2014-08-01,-0.3715,-0.0589,-1.6815,1.3699
2014-09-01,0.1019,-1.1189,1.6163,0.9892
2014-10-01,-1.1344,-0.039,-1.2706,0.887
2014-11-01,-0.5303,-0.5192,0.678,0.6782
2014-12-01,0.4129,1.3222,1.8575,0.6689
2015-01-01,1.0916,0.6747,1.7887,0.6124
2015-02-01,1.0426,1.2165,1.3228,0.59
2015-03-01,1.8374,0.7733,1.4497,-0.2299
2015-04-01,1.2157,1.0286,0.7253,-0.1502
2015-05-01,0.7628,0.4156,0.1455,-0.1578
2015-06-01,0.427,0.7113,-0.0668,-0.1731
2015-07-01,-1.1079,1.678,-3.179,0.7612
2015-08-01,-0.689,1.0618,-0.7604,0.0789
2015-09-01,-0.1645,0.5424,-0.6485,-0.9181
2015-10-01,-0.2501,-0.1699,0.4372,1.775
2015-11-01,1.945,0.6954,1.7438,-0.1927
2015-12-01,1.4441,-0.0589,2.2436,0.7771
2016-01-01,-1.4487,1.3918,0.1165,2.0213
2016-02-01,-0.0235,1.0933,1.5803,1.4822
2016-03-01,0.2802,2.0383,0.7344,0.7278
2016-04-01,-1.0511,0.0969,0.3751,0.8657
2016-05-01,-0.0357,0.0124,-0.7736,-1.0611
2016-06-01,0.3129,2.5655,-0.4325,-0.7011
2016-07-01,0.0848,0.4066,-1.7603,1.0193
2016-08-01,0.4724,-0.7385,-1.6453,-0.8759
2016-09-01,0.781,2.3328,0.611,0.182
2016-10-01,-1.9173,-0.1772,0.4113,1.2393
2016-11-01,-0.6109,-1.5077,-0.1637,1.517
2016-12-01,1.7864,-0.7112,0.4783,-0.3534
2017-01-01,0.942,-0.9822,0.4782,0.28
2017-02-01,0.3399,-0.0149,1.0048,0.1848
2017-03-01,1.3654,0.1561,0.737,0.2682
2017-04-01,-0.0887,0.6192,1.7325,0.3966
2017-05-01,-0.7301,1.0528,-1.911,-0.3112
2017-06-01,0.4017,0.5464,0.045,1.0051
2017-07-01,0.6342,0.7284,1.2556,1.8642
2017-08-01,0.15,0.7641,-1.0977,0.2317
2017-09-01,-0.4924,1.2961,-0.6127,-0.3308
2017-10-01,0.6903,-0.5676,0.1859,-0.398
2017-11-01,-0.0776,0.7706,-0.0049,-2.0568
2017-12-01,-0.059,0.9839,0.8816,0.8877
2018-01-01,-0.2808,1.2752,1.4423,0.3995
2018-02-01,0.1127,1.0411,1.5778,-1.0256
2018-03-01,-0.9411,0.1405,-0.9269,-0.886
2018-04-01,0.5439,-1.1662,1.2411,-0.9091
2018-05-01,1.1796,-0.0766,2.1208,-1.3363
2018-06-01,0.3799,-0.0119,1.088,0.5115
2018-07-01,0.6118,0.3768,1.3893,-0.3674
2018-08-01,0.8361,-0.3428,1.967,1.2674
2018-09-01,0.5845,1.4584,1.6736,1.4366
2018-10-01,0.4128,0.5303,0.9345,0.21
2018-11-01,-1.1162,0.9907,-0.1113,0.2415
2018-12-01,0.1097,0.9299,0.6116,0.8604
2019-01-01,-0.7132,0.6767,0.592,0.8342
2019-02-01,1.1495,-0.4996,0.2914,-1.076
2019-03-01,2.1161,0.7446,1.2321,0.2502
2019-04-01,-0.2553,0.3358,0.466,-0.6116
2019-05-01,-1.2313,0.3346,-2.623,-0.2907
2019-06-01,-0.6013,1.465,-1.0886,0.1212
2019-07-01,-0.8897,-0.3897,-1.4255,1.1116
2019-08-01,-0.7218,-1.0804,-1.1684,1.1786
2019-09-01,0.3062,0.563,-0.1641,2.0
2019-10-01,-0.0822,-0.9252,-1.4134,-1.0241
2019-11-01,-1.1934,-1.8398,0.2785,-0.0565
2019-12-01,0.4121,-1.3599,1.2016,0.1809
2020-01-01,2.419,-0.2312,1.3432,-0.2369
2020-02-01,3.4172,0.2746,1.257,0.1722
2020-03-01,2.6414,1.4264,1.0126,-2.171
2020-04-01,0.9281,-0.4752,-1.0224,-1.1756
2020-05-01,-0.0271,0.5766,-0.4098,0.2107
2020-06-01,-0.1218,1.0708,-0.1469,0.7038
2020-07-01,-0.4118,-0.5464,-1.2262,1.7276
2020-08-01,-0.3812,-0.7205,0.1217,1.8218
2020-09-01,0.6314,0.1943,0.985,0.7536
2020-10-01,-0.0717,1.2636,-0.6547,-1.1312
2020-11-01,2.0864,0.8132,2.5445,0.2351
2020-12-01,-1.736,1.4813,-0.3024,1.5844
2021-01-01,-2.4836,1.0446,-1.1087,0.1861
2021-02-01,-1.1907,1.3435,0.1361,-0.3074
2021-03-01,2.1092,0.0858,0.7299,-0.9688
2021-04-01,-0.2044,0.8274,-1.4251,-1.0486
2021-05-01,-0.1606,0.3138,-1.2386,-1.3469
2021-06-01,0.8446,1.1792,0.7655,0.666
2021-07-01,0.6302,-0.4595,0.026,0.5624
2021-08-01,-0.2093,-0.2268,-0.2825,0.9547
2021-09-01,-0.2516,1.3364,-0.2137,0.4433
2021-10-01,-0.1458,0.4532,-2.2899,1.134
2021-11-01,0.093,1.3211,-0.1846,0.7215
2021-12-01,0.1981,2.1548,0.2885,-2.5584
2022-01-01,0.8483,0.8252,1.0778,1.0093
2022-02-01,1.5444,0.6432,1.683,0.6577
2022-03-01,0.3052,0.5584,0.7677,0.1348
2022-04-01,-0.6026,0.5319,-0.3646,-0.735
2022-05-01,1.2235,0.0965,0.7062,-0.8263
2022-06-01,-0.0742,-0.8713,-0.118,-0.3128
2022-07-01,0.0249,0.4467,-0.0936,2.5404
2022-08-01,-0.17,0.7313,1.4699,0.7893
2022-09-01,-0.6552,1.4685,-1.6105,0.2093
2022-10-01,1.3457,0.3303,-0.7175,0.1662
2022-11-01,0.3389,1.7134,0.6922,-0.7341
2022-12-01,-2.7192,1.7004,-0.1456,-0.662
2023-01-01,-0.6743,2.3037,1.2503,0.2148
2023-02-01,1.6004,0.5536,0.9227,-0.64
2023-03-01,0.2803,-0.2582,-1.1088,-1.6341
2023-04-01,-0.9731,-0.9207,-0.6284,-0.4242
2023-05-01,1.1343,1.4518,0.3864,-0.8575
2023-06-01,-0.2862,-0.4379,-0.5784,0.687
2023-07-01,-0.1545,-0.8183,-2.1746,1.1454
